chain,local_idx,weight
A,1,1.0
B,1,1.0
E,1,1.0
F,1,1.0
A,2,1.0
B,2,1.0
E,2,1.0
F,2,1.0
A,3,1.0
B,3,1.0
E,3,1.0
F,3,1.0
A,4,1.0
B,4,1.0
E,4,1.0
F,4,1.0
A,5,1.0
B,5,1.0
E,5,1.0
F,5,1.0
A,6,1.0
B,6,1.0
E,6,1.0
F,6,1.0
A,7,1.0
B,7,1.0
E,7,1.0
F,7,1.0
A,8,1.0
B,8,1.0
E,8,1.0
F,8,1.0
A,9,1.0
B,9,1.0
E,9,1.0
F,9,1.0
A,10,1.0
B,10,1.0
E,10,1.0
F,10,1.0
A,11,1.0
B,11,1.0
E,11,1.0
F,11,1.0
A,12,1.0
B,12,1.0
E,12,1.0
F,12,1.0
A,13,1.0
B,13,1.0
E,13,1.0
F,13,1.0
A,14,1.0
B,14,1.0
E,14,1.0
F,14,1.0
A,15,1.0
B,15,1.0
E,15,1.0
F,15,1.0
A,16,1.0
B,16,1.0
E,16,1.0
F,16,1.0
A,17,1.0
B,17,1.0
E,17,1.0
F,17,1.0
A,18,1.0
B,18,1.0
E,18,1.0
F,18,1.0
A,19,1.0
B,19,1.0
E,19,1.0
F,19,1.0
A,20,1.0
B,20,1.0
E,20,1.0
F,20,1.0
A,21,1.0
B,21,1.0
E,21,1.0
F,21,1.0
A,22,1.0
B,22,1.0
E,22,-0.5
F,22,-0.5
A,23,1.0
B,23,1.0
E,23,1.0
F,23,1.0
A,24,1.0
B,24,1.0
E,24,1.0
F,24,1.0
A,25,1.0
B,25,1.0
E,25,1.0
F,25,1.0
A,26,1.0
B,26,1.0
E,26,-0.5
F,26,-0.5
A,27,1.0
B,27,1.0
E,27,1.0
F,27,1.0
A,28,1.0
B,28,1.0
E,28,1.0
F,28,1.0
A,29,1.0
B,29,1.0
E,29,-0.5
F,29,-0.5
A,30,1.0
B,30,1.0
E,30,1.0
F,30,1.0
A,31,1.0
B,31,1.0
E,31,-0.5
F,31,-0.5
A,32,1.0
B,32,1.0
E,32,1.0
F,32,1.0
A,33,1.0
B,33,1.0
E,33,1.0
F,33,1.0
A,34,1.0
B,34,1.0
E,34,1.0
F,34,1.0
A,35,1.0
B,35,1.0
E,35,1.0
F,35,1.0
A,36,1.0
B,36,1.0
E,36,1.0
F,36,1.0
A,37,1.0
B,37,1.0
E,37,1.0
F,37,1.0
A,38,1.0
B,38,1.0
E,38,1.0
F,38,1.0
A,39,1.0
B,39,1.0
E,39,1.0
F,39,1.0
A,40,1.0
B,40,1.0
E,40,1.0
F,40,1.0
A,41,1.0
B,41,1.0
E,41,1.0
F,41,1.0
A,42,1.0
B,42,1.0
E,42,1.0
F,42,1.0
A,43,1.0
B,43,1.0
E,43,1.0
F,43,1.0
A,44,1.0
B,44,1.0
E,44,1.0
F,44,1.0
A,45,1.0
B,45,1.0
E,45,1.0
F,45,1.0
A,46,1.0
B,46,1.0
E,46,1.0
F,46,1.0
A,47,1.0
B,47,1.0
E,47,1.0
F,47,1.0
A,48,1.0
B,48,1.0
E,48,1.0
F,48,1.0
A,49,1.0
B,49,1.0
E,49,-0.5
F,49,-0.5
A,50,1.0
B,50,1.0
E,50,1.0
F,50,1.0
A,51,1.0
B,51,1.0
E,51,1.0
F,51,1.0
A,52,1.0
B,52,1.0
E,52,-0.5
F,52,-0.5
A,53,1.0
B,53,1.0
E,53,1.0
F,53,1.0
A,54,1.0
B,54,1.0
E,54,1.0
F,54,1.0
A,55,1.0
B,55,1.0
E,55,1.0
F,55,1.0
A,56,1.0
B,56,1.0
E,56,1.0
F,56,1.0
A,57,1.0
B,57,1.0
E,57,1.0
F,57,1.0
A,58,1.0
B,58,1.0
E,58,1.0
F,58,1.0
A,59,1.0
B,59,1.0
E,59,1.0
F,59,1.0
A,60,1.0
B,60,1.0
E,60,1.0
F,60,1.0
A,61,1.0
B,61,1.0
E,61,1.0
F,61,1.0
A,62,1.0
B,62,1.0
E,62,1.0
F,62,1.0
A,63,1.0
B,63,1.0
E,63,1.0
F,63,1.0
A,64,1.0
B,64,1.0
E,64,1.0
F,64,1.0
A,65,1.0
B,65,1.0
E,65,1.0
F,65,1.0
A,66,1.0
B,66,1.0
E,66,1.0
F,66,1.0
A,67,1.0
B,67,1.0
E,67,1.0
F,67,1.0
A,68,1.0
B,68,1.0
E,68,-0.5
F,68,-0.5
A,69,1.0
B,69,1.0
E,69,1.0
F,69,1.0
A,70,1.0
B,70,1.0
E,70,1.0
F,70,1.0
A,71,1.0
B,71,1.0
E,71,1.0
F,71,1.0
A,72,1.0
B,72,1.0
E,72,1.0
F,72,1.0
A,73,1.0
B,73,1.0
E,73,1.0
F,73,1.0
A,74,1.0
B,74,1.0
E,74,1.0
F,74,1.0
A,75,1.0
B,75,1.0
E,75,1.0
F,75,1.0
A,76,1.0
B,76,1.0
E,76,1.0
F,76,1.0
A,77,1.0
B,77,1.0
E,77,1.0
F,77,1.0
A,78,1.0
B,78,1.0
E,78,1.0
F,78,1.0
A,79,1.0
B,79,1.0
E,79,1.0
F,79,1.0
A,80,1.0
B,80,1.0
E,80,1.0
F,80,1.0
A,81,1.0
B,81,1.0
E,81,1.0
F,81,1.0
A,82,1.0
B,82,1.0
E,82,1.0
F,82,1.0
A,83,1.0
B,83,1.0
E,83,1.0
F,83,1.0
A,84,1.0
B,84,1.0
E,84,1.0
F,84,1.0
A,85,1.0
B,85,1.0
E,85,1.0
F,85,1.0
A,86,1.0
B,86,1.0
E,86,1.0
F,86,1.0
A,87,1.0
B,87,1.0
E,87,1.0
F,87,1.0
A,88,1.0
B,88,1.0
E,88,1.0
F,88,1.0
A,89,1.0
B,89,1.0
E,89,1.0
F,89,1.0
A,90,1.0
B,90,1.0
E,90,1.0
F,90,1.0
A,91,1.0
B,91,1.0
E,91,1.0
F,91,1.0
A,92,1.0
B,92,1.0
E,92,1.0
F,92,1.0
A,93,1.0
B,93,1.0
E,93,1.0
F,93,1.0
A,94,1.0
B,94,1.0
E,94,1.0
F,94,1.0
A,95,1.0
B,95,1.0
E,95,1.0
F,95,1.0
A,96,1.0
B,96,1.0
E,96,1.0
F,96,1.0
A,97,1.0
B,97,1.0
E,97,1.0
F,97,1.0
