mutation,count,best_delta,best_corr_logp,wt_logp
A:S21T,793,-0.1771928071975708,-1.2940951585769653,-1.0956225395202637
A:R74Q,537,-0.16871166229248047,-2.6134281158447266,-2.2922725677490234
A:V73L,529,-0.18155908584594727,-3.021181583404541,-2.807509660720825
A:I72V,465,-0.24260878562927246,-2.043795585632324,-1.4891505241394043
A:W35F,465,-0.19649869203567505,-1.1387426853179932,-1.0740625858306885
A:E19K,377,-0.19478774070739746,-1.9234322309494019,-1.6862307786941528
A:R27K,357,-0.12589168548583984,-2.824561834335327,-2.549438953399658
A:R27E,354,-0.2040698528289795,-2.8922030925750732,-2.6278417110443115
A:L24M,301,-0.18787217140197754,-1.5404469966888428,-1.1683626174926758
A:K80S,296,-0.20473849773406982,-1.351737380027771,-1.2512538433074951
A:V73Y,291,-0.16769194602966309,-3.0585227012634277,-2.940937042236328
A:K81S,281,-0.11723196506500244,-2.1602416038513184,-2.005486488342285
A:R23S,263,-0.19018375873565674,-2.0868842601776123,-1.860571265220642
A:R23K,252,-0.1779632568359375,-2.2965540885925293,-1.996800422668457
A:I72M,239,-0.12043309211730957,-1.8175292015075684,-1.5333935022354126
A:F18R,230,-0.18432998657226562,-1.7597143650054932,-1.5175755023956299
A:R74S,227,-0.1525493860244751,-2.33912992477417,-2.1938960552215576
A:E19T,217,-0.18778347969055176,-2.0762948989868164,-1.773218035697937
A:K75T,181,-0.1939849853515625,-2.6647377014160156,-2.3343772888183594
A:K81Q,178,-0.1342473030090332,-2.3047609329223633,-1.9495368003845215
A:R23Q,174,-0.12482810020446777,-2.2904818058013916,-2.0415875911712646
A:R68M,165,-0.1390223503112793,-2.6758556365966797,-2.4972548484802246
A:K81E,164,-0.11972570419311523,-2.099104881286621,-1.9253137111663818
A:F18L,154,-0.19202923774719238,-2.047452449798584,-1.8490028381347656
A:E71T,154,-0.2031233310699463,-1.4991769790649414,-1.3444797992706299
A:R68Q,154,-0.15482139587402344,-3.0980610847473145,-2.305567741394043
A:R68K,137,-0.14968323707580566,-3.1191959381103516,-2.5076189041137695
A:L24Q,134,-0.1512671709060669,-1.4031492471694946,-1.2088210582733154
A:R23T,129,-0.1596393585205078,-2.2483367919921875,-2.1350207328796387
A:R68W,128,-0.16512131690979004,-2.8061776161193848,-2.4896464347839355
A:E19R,127,-0.14361536502838135,-1.719284176826477,-1.493904709815979
A:R68T,117,-0.12621748447418213,-2.4276506900787354,-2.0630595684051514
A:I25V,103,-0.11146098375320435,-0.7153502702713013,-0.6811912655830383
A:K81P,96,-0.12701702117919922,-2.278580665588379,-2.160428524017334
A:F18K,81,-0.1347062587738037,-2.100039005279541,-1.7664867639541626
A:R74E,79,-0.1491398811340332,-2.868232250213623,-2.714326858520508
A:E19H,75,-0.1278320550918579,-2.0748441219329834,-1.6776776313781738
A:K81N,75,-0.0872948169708252,-2.0821549892425537,-1.6970895528793335
A:Q66I,65,-0.14657962322235107,-2.1949453353881836,-2.1519196033477783
A:K81T,56,-0.05410659313201904,-1.971121072769165,-1.791849970817566
A:K81D,56,-0.08199334144592285,-1.9932416677474976,-1.8567924499511719
A:R68I,53,-0.0895693302154541,-2.852766275405884,-2.631809711456299
A:R68V,44,-0.10469627380371094,-2.9731600284576416,-2.5082144737243652
A:W35Y,42,-0.1500018835067749,-1.3619416952133179,-1.1614307165145874
A:R23A,42,-0.11282777786254883,-2.4616308212280273,-2.1683363914489746
A:R68F,40,-0.13634443283081055,-2.9334840774536133,-2.627366542816162
A:T28S,39,-0.20163476467132568,-1.074875831604004,-0.848392128944397
A:R68E,35,-0.1074678897857666,-3.0436902046203613,-2.451686382293701
A:R74H,35,0.007695436477661133,-2.3895649909973145,-2.1295559406280518
A:R27D,33,-0.10362792015075684,-2.529550075531006,-2.452009677886963
A:K81L,33,-0.10971784591674805,-2.394524335861206,-2.151082992553711
A:R23Y,32,-0.11259627342224121,-2.3058955669403076,-2.323650360107422
A:K75S,30,-0.10971665382385254,-2.7745578289031982,-2.5701541900634766
A:R74D,29,-0.08803725242614746,-2.2155609130859375,-2.108365297317505
A:V73D,28,-0.015861034393310547,-2.7098231315612793,-2.656930923461914
A:R27Q,24,-0.12972593307495117,-2.998441219329834,-2.7772104740142822
A:F18V,22,-0.16152477264404297,-2.2905101776123047,-1.832391619682312
A:K80R,22,-0.14694571495056152,-1.8067827224731445,-1.4870504140853882
A:I78V,16,-0.15870559215545654,-1.0889856815338135,-1.0005170106887817
A:F18Q,15,-0.09408736228942871,-2.2256603240966797,-2.096491575241089
A:R23E,15,-0.055039405822753906,-1.7730152606964111,-1.6927934885025024
A:V73Q,14,-0.03350377082824707,-2.654353618621826,-2.512303590774536
A:R27G,13,-0.0834355354309082,-2.9599316120147705,-2.8231582641601562
A:R68Y,10,-0.11275172233581543,-1.988937258720398,-1.987414002418518
A:R68N,10,-0.11856436729431152,-3.109138250350952,-2.5469741821289062
A:V73F,8,-0.1280221939086914,-2.9570508003234863,-2.9163475036621094
A:E71S,7,-0.12474358081817627,-1.6818325519561768,-1.462701678276062
A:R68D,6,-0.12431812286376953,-3.097947835922241,-3.0137836933135986
A:F18E,6,-0.10419917106628418,-2.370321273803711,-1.7884246110916138
A:K80Q,5,-0.1308966875076294,-1.8094449043273926,-1.6123712062835693
A:R23L,4,-0.06395673751831055,-2.4682021141052246,-2.4554855823516846
A:R23D,3,0.012590646743774414,-2.2869956493377686,-2.21578049659729
A:K80H,3,-0.16174077987670898,-1.8344950675964355,-1.6906208992004395
A:R68L,3,-0.0803300142288208,-1.696340799331665,-1.7170847654342651
A:V73S,2,0.05777478218078613,-2.525263786315918,-2.5686519145965576
A:E19S,2,-0.08317041397094727,-2.245617389678955,-2.2702276706695557
A:E19Q,2,-0.05381488800048828,-2.28560209274292,-2.2317872047424316
A:F18A,2,-0.08155035972595215,-2.1967461109161377,-2.081327438354492
A:V73I,2,-0.059197425842285156,-2.900681972503662,-2.842175245285034
A:K69R,2,-0.10143589973449707,-0.9741140604019165,-0.9252588748931885
A:R23F,1,0.009817123413085938,-2.201033592224121,-2.210850715637207
A:R23N,1,0.0032320022583007812,-2.151367664337158,-2.154599666595459
A:F18C,1,0.06952333450317383,-3.771224021911621,-3.840747356414795
A:R68H,1,-0.10952329635620117,-3.1817374229431152,-3.072214126586914
A:R68S,1,0.01353311538696289,-3.1738452911376953,-3.187378406524658
A:R27A,1,0.10361480712890625,-2.2999753952026367,-2.403590202331543
A:F79I,1,0.06791073083877563,-0.6481178998947144,-0.71602863073349
A:R22K,1,-0.08188021183013916,-1.2293285131454468,-1.1474483013153076
A:I72F,1,-0.05435514450073242,-1.8852357864379883,-1.8308806419372559
A:R22T,1,-0.11648499965667725,-1.41012442111969,-1.2936394214630127
A:R27N,1,-0.10718703269958496,-2.389025926589966,-2.281838893890381
