sample,ranking_score,iptm,ptm,mean_plddt,best_seed,best_sample,fraction_disordered,has_clash,chain_iptm_0,chain_iptm_1,chain_ptm_0,chain_ptm_1,chain_pair_iptm_0_1,chain_pair_iptm_1_0,chain_pair_pae_min_0_1,chain_pair_pae_min_1_0
dhd37_abxbb_vs_dhd37_abxbb,0.99,0.53,0.59,67.50982026143791,163,0,0.91,0.0,0.53,0.53,0.55,0.55,0.53,0.53,3.66,3.72
dhd150b_vs_dhd162b,0.95,0.72,0.74,90.46738260200155,17,3,0.44,0.0,0.72,0.72,0.64,0.63,0.72,0.72,1.13,1.11
dhd150a_vs_dhd150b,0.93,0.93,0.94,95.59626182965299,150,2,0.0,0.0,0.93,0.93,0.88,0.87,0.93,0.93,0.8,0.81
dhd154a_vs_dhd154b,0.92,0.92,0.93,95.62392374900715,187,4,0.0,0.0,0.92,0.92,0.86,0.87,0.92,0.92,0.83,0.81
dhd37_bbbbb_vs_dhd162b,0.92,0.86,0.85,88.13971875,200,1,0.11,0.0,0.86,0.86,0.8,0.73,0.86,0.86,1.04,0.98
dhd162a_vs_dhd162b,0.92,0.91,0.92,94.15233877233877,201,0,0.0,0.0,0.91,0.91,0.87,0.86,0.91,0.91,0.81,0.82
dhd150b_vs_dhd13_xaaab,0.91,0.87,0.86,88.58905446293495,98,3,0.08,0.0,0.87,0.87,0.79,0.79,0.87,0.87,0.93,0.91
dhd37_abxba_vs_dhd37_abxbb,0.9,0.9,0.91,93.89890612244898,185,0,0.0,0.0,0.9,0.9,0.85,0.85,0.9,0.9,0.82,0.83
dhd155b_vs_dhd37_bbbbb,0.9,0.89,0.9,92.71949055053409,169,2,0.0,0.0,0.89,0.89,0.82,0.83,0.89,0.89,0.86,0.86
dhd154b_vs_dhd155a,0.89,0.89,0.89,90.94000789265982,5,3,0.0,0.0,0.89,0.89,0.84,0.79,0.89,0.89,0.9,0.94
dhd162b_vs_dhd13_xaaab,0.89,0.89,0.89,90.01656364974247,216,2,0.0,0.0,0.89,0.89,0.83,0.81,0.89,0.89,0.86,0.84
dhd150a_vs_dhd154b,0.89,0.89,0.9,92.30552043176561,240,1,0.0,0.0,0.89,0.89,0.84,0.83,0.89,0.89,0.91,0.97
dhd154a_vs_dhd13_xaaab,0.89,0.86,0.87,90.16827906976744,55,1,0.06,0.0,0.86,0.86,0.81,0.81,0.86,0.86,1.14,1.09
dhd150a_vs_dhd37_abxbb,0.89,0.89,0.9,92.33987990392313,54,2,0.0,0.0,0.89,0.89,0.84,0.82,0.89,0.89,0.87,0.88
dhd37_bbbbb_vs_dhd37_abxba,0.89,0.87,0.87,91.53280000000001,234,3,0.04,0.0,0.87,0.87,0.82,0.79,0.87,0.87,1.01,0.99
dhd150b_vs_dhd37_bbbbb,0.88,0.88,0.89,91.22109412711183,27,0,0.0,0.0,0.88,0.88,0.81,0.82,0.88,0.88,0.85,0.86
dhd150b_vs_dhd154b,0.88,0.88,0.89,92.2835089078234,58,3,0.0,0.0,0.88,0.88,0.83,0.83,0.88,0.88,0.9,0.86
dhd13_xaaaa_vs_dhd13_xaaab,0.88,0.88,0.88,88.05114583333332,20,1,0.0,0.0,0.88,0.88,0.83,0.8,0.88,0.88,0.93,0.9
dhd150b_vs_dhd162a,0.88,0.88,0.89,90.356432,14,2,0.0,0.0,0.88,0.88,0.81,0.83,0.88,0.88,0.93,0.9
dhd37_abxbb_vs_dhd162a,0.87,0.87,0.89,91.76628757108041,243,2,0.0,0.0,0.87,0.87,0.81,0.83,0.87,0.87,1.0,0.95
dhd154b_vs_dhd13_xaaaa,0.87,0.86,0.88,90.79019801980198,75,0,0.0,0.0,0.86,0.86,0.84,0.83,0.86,0.86,1.25,1.19
dhd154a_vs_dhd6a,0.86,0.86,0.88,89.92167456556082,43,4,0.0,0.0,0.86,0.86,0.81,0.76,0.86,0.86,0.91,0.96
dhd154b_vs_dhd162b,0.86,0.86,0.88,90.67261295180722,82,1,0.0,0.0,0.86,0.86,0.81,0.82,0.86,0.86,1.14,1.18
dhd154a_vs_dhd37_abxbb,0.86,0.59,0.67,81.00691990090834,56,0,0.5,0.0,0.59,0.59,0.6,0.64,0.59,0.59,4.19,3.99
dhd155a_vs_dhd162b,0.85,0.85,0.87,89.56930980392157,143,4,0.0,0.0,0.85,0.85,0.77,0.8,0.85,0.85,1.21,1.19
dhd154b_vs_dhd37_abxba,0.85,0.84,0.87,91.21466614296936,216,1,0.0,0.0,0.84,0.84,0.83,0.82,0.84,0.84,1.45,1.38
dhd37_bbbba_vs_dhd37_bbbba,0.84,0.78,0.82,84.08579838709676,74,2,0.11,0.0,0.78,0.78,0.77,0.76,0.78,0.78,1.77,1.76
dhd150b_vs_dhd37_bbbba,0.84,0.84,0.86,87.59503597122303,16,0,0.0,0.0,0.84,0.84,0.8,0.79,0.84,0.84,1.17,1.33
dhd37_bbbba_vs_dhd37_abxbb,0.84,0.8,0.85,87.52459415584416,114,4,0.06,0.0,0.8,0.8,0.8,0.78,0.8,0.8,1.75,1.83
dhd37_bbbba_vs_dhd37_abxba,0.83,0.83,0.86,88.2897891321979,231,4,0.0,0.0,0.83,0.83,0.8,0.81,0.83,0.83,1.48,1.44
dhd154a_vs_dhd162a,0.83,0.82,0.86,91.6378407224959,191,3,0.0,0.0,0.82,0.82,0.82,0.83,0.82,0.82,1.67,1.58
dhd154b_vs_dhd37_bbbbb,0.82,0.82,0.86,90.22040094339623,199,2,0.0,0.0,0.82,0.82,0.81,0.82,0.82,0.82,2.0,1.84
dhd154a_vs_dhd13_xaaaa,0.82,0.82,0.85,88.09080670926518,230,2,0.0,0.0,0.82,0.82,0.74,0.81,0.82,0.82,2.06,1.67
dhd6b_vs_dhd6b,0.82,0.71,0.75,83.08898343373494,227,1,0.2,0.0,0.71,0.71,0.68,0.68,0.71,0.71,2.58,2.57
dhd150b_vs_dhd154a,0.82,0.81,0.85,88.54924390243903,166,3,0.0,0.0,0.81,0.81,0.77,0.81,0.81,0.81,1.69,1.69
dhd37_bbbbb_vs_dhd13_xaaaa,0.79,0.78,0.83,89.5455256916996,149,3,0.0,0.0,0.78,0.78,0.79,0.8,0.78,0.78,2.56,2.34
dhd150b_vs_dhd6b,0.79,0.79,0.82,86.61744401544401,73,4,0.0,0.0,0.79,0.79,0.77,0.75,0.79,0.79,1.96,2.07
dhd154a_vs_dhd37_bbbba,0.79,0.78,0.83,86.76382280557834,156,2,0.0,0.0,0.78,0.78,0.76,0.79,0.78,0.78,1.72,1.58
dhd150b_vs_dhd150b,0.78,0.73,0.75,80.7772266244057,199,4,0.09,0.0,0.73,0.73,0.69,0.69,0.73,0.73,1.11,1.12
dhd155a_vs_dhd37_bbbbb,0.78,0.77,0.81,85.99415914684168,136,2,0.0,0.0,0.77,0.77,0.71,0.75,0.77,0.77,1.98,2.05
dhd155a_vs_dhd162a,0.78,0.77,0.83,88.15427406199021,160,0,0.0,0.0,0.77,0.77,0.69,0.81,0.77,0.77,1.72,1.5
dhd150a_vs_dhd155a,0.78,0.76,0.83,87.18164790996785,10,1,0.0,0.0,0.76,0.76,0.82,0.69,0.76,0.76,1.95,2.14
dhd155b_vs_dhd13_xaaab,0.78,0.77,0.81,85.18692901234569,65,2,0.0,0.0,0.77,0.77,0.75,0.75,0.77,0.77,1.77,1.84
dhd37_bbbba_vs_dhd162b,0.78,0.77,0.82,87.07440217391303,41,2,0.0,0.0,0.77,0.77,0.74,0.78,0.77,0.77,2.66,2.26
dhd37_bbbbb_vs_dhd13_xaaab,0.78,0.76,0.81,86.0561550268611,207,2,0.01,0.0,0.76,0.76,0.77,0.74,0.76,0.76,1.93,1.99
dhd37_bbbba_vs_dhd13_xaaaa,0.78,0.76,0.82,84.89746268656715,85,3,0.01,0.0,0.76,0.76,0.74,0.79,0.76,0.76,2.45,2.21
dhd155a_vs_dhd155b,0.77,0.76,0.82,86.11549504950496,5,0,0.0,0.0,0.76,0.76,0.7,0.78,0.76,0.76,1.59,1.66
dhd162b_vs_dhd162b,0.77,0.48,0.6,74.13296407185629,71,2,0.53,0.0,0.48,0.48,0.6,0.6,0.48,0.48,4.03,4.13
dhd154a_vs_dhd155a,0.76,0.76,0.79,85.34849917081262,246,3,0.0,0.0,0.76,0.76,0.74,0.74,0.76,0.76,2.27,2.31
dhd155b_vs_dhd162b,0.76,0.44,0.57,77.36979575805185,136,4,0.6,0.0,0.44,0.44,0.51,0.59,0.44,0.44,5.83,5.94
dhd150b_vs_dhd37_abxbb,0.76,0.75,0.8,86.01560740144811,119,4,0.0,0.0,0.75,0.75,0.75,0.72,0.75,0.75,1.77,2.17
dhd154a_vs_dhd37_abxba,0.75,0.73,0.8,87.38224422442244,236,2,0.0,0.0,0.73,0.73,0.79,0.77,0.73,0.73,2.39,2.41
dhd154a_vs_dhd155b,0.75,0.52,0.56,72.63835548172759,225,4,0.44,0.0,0.52,0.52,0.55,0.51,0.52,0.52,5.04,4.3
dhd150a_vs_dhd6b,0.74,0.66,0.71,83.2407993850884,210,2,0.14,0.0,0.66,0.66,0.83,0.5,0.66,0.66,3.25,3.24
dhd150a_vs_dhd154a,0.73,0.71,0.8,87.38868122977347,189,2,0.0,0.0,0.71,0.71,0.81,0.77,0.71,0.71,2.75,2.5
dhd150a_vs_dhd162b,0.73,0.71,0.8,84.62686590038314,127,1,0.0,0.0,0.71,0.71,0.82,0.73,0.71,0.71,2.68,3.09
dhd37_bbbbb_vs_dhd37_abxbb,0.73,0.27,0.41,62.241037581699345,166,0,0.87,0.0,0.27,0.27,0.45,0.45,0.27,0.27,7.36,7.32
dhd154b_vs_dhd6b,0.72,0.7,0.78,82.91974320241691,235,0,0.0,0.0,0.7,0.7,0.78,0.72,0.7,0.7,2.6,2.64
dhd150a_vs_dhd37_bbbbb,0.72,0.69,0.78,84.89120096076861,126,2,0.02,0.0,0.69,0.69,0.78,0.69,0.69,0.69,1.91,2.62
dhd155a_vs_dhd37_abxbb,0.71,0.69,0.77,84.42032813781789,25,2,0.0,0.0,0.69,0.69,0.68,0.76,0.69,0.69,2.84,2.55
dhd150a_vs_dhd6a,0.71,0.66,0.77,80.50189417177914,124,0,0.06,0.0,0.66,0.66,0.81,0.62,0.66,0.66,2.85,4.1
dhd37_abxba_vs_dhd13_xaaab,0.71,0.69,0.77,85.17878834355828,25,0,0.0,0.0,0.69,0.69,0.77,0.73,0.69,0.69,2.46,2.65
dhd162a_vs_dhd13_xaaab,0.71,0.69,0.77,83.05845038167939,17,1,0.0,0.0,0.69,0.69,0.74,0.74,0.69,0.69,2.88,2.54
dhd155a_vs_dhd37_bbbba,0.7,0.68,0.77,82.77061124694377,92,3,0.0,0.0,0.68,0.68,0.68,0.76,0.68,0.68,3.05,2.68
dhd37_abxba_vs_dhd13_xaaaa,0.7,0.68,0.76,83.70263033175355,6,2,0.0,0.0,0.68,0.68,0.65,0.78,0.68,0.68,2.42,2.47
dhd150a_vs_dhd13_xaaaa,0.7,0.68,0.78,86.49862015503876,119,2,0.0,0.0,0.68,0.68,0.83,0.79,0.68,0.68,2.85,3.23
dhd150a_vs_dhd162a,0.7,0.68,0.78,87.43267515923567,202,1,0.0,0.0,0.68,0.68,0.8,0.78,0.68,0.68,2.97,3.07
dhd154b_vs_dhd155b,0.69,0.67,0.77,86.55308300395257,159,3,0.0,0.0,0.67,0.67,0.75,0.66,0.67,0.67,2.99,3.37
dhd37_bbbbb_vs_dhd37_bbbbb,0.69,0.39,0.49,59.67094771241829,226,3,0.55,0.0,0.39,0.39,0.49,0.5,0.39,0.39,5.74,5.33
dhd154b_vs_dhd6a,0.69,0.52,0.61,73.8481989449887,78,0,0.3,0.0,0.52,0.52,0.77,0.46,0.52,0.52,5.08,5.45
dhd154a_vs_dhd162b,0.69,0.67,0.75,83.59867403314918,240,3,0.0,0.0,0.67,0.67,0.7,0.74,0.67,0.67,2.77,2.79
dhd162b_vs_dhd6b,0.68,0.6,0.57,71.81731231231231,13,2,0.16,0.0,0.6,0.6,0.61,0.46,0.6,0.6,4.01,3.71
dhd6a_vs_dhd6b,0.67,0.66,0.74,80.78503380916604,235,4,0.0,0.0,0.66,0.66,0.64,0.72,0.66,0.66,2.7,2.89
dhd154b_vs_dhd13_xaaab,0.67,0.64,0.72,79.85715025906735,137,4,0.04,0.0,0.64,0.64,0.71,0.67,0.64,0.64,1.77,1.97
dhd37_bbbbb_vs_dhd6a,0.66,0.56,0.61,79.54268960125098,225,0,0.19,0.0,0.56,0.56,0.74,0.48,0.56,0.56,3.72,3.89
dhd155a_vs_dhd13_xaaab,0.66,0.64,0.74,79.69398305084745,225,2,0.0,0.0,0.64,0.64,0.56,0.76,0.64,0.64,3.53,2.51
dhd154a_vs_dhd37_bbbbb,0.66,0.65,0.72,83.34565648224608,17,0,0.0,0.0,0.65,0.65,0.64,0.72,0.65,0.65,3.14,3.32
dhd150b_vs_dhd13_xaaaa,0.65,0.62,0.76,82.22861370716511,232,3,0.0,0.0,0.62,0.62,0.67,0.82,0.62,0.62,5.63,3.94
dhd155b_vs_dhd37_bbbba,0.65,0.63,0.74,81.43431836734695,216,0,0.0,0.0,0.63,0.63,0.75,0.75,0.63,0.63,3.59,3.67
dhd6a_vs_dhd13_xaaab,0.64,0.47,0.62,77.34600147275404,47,2,0.28,0.0,0.47,0.47,0.56,0.72,0.47,0.47,5.5,5.31
dhd154b_vs_dhd37_abxbb,0.63,0.61,0.7,78.98511792452831,65,1,0.0,0.0,0.61,0.61,0.71,0.61,0.61,0.61,4.03,3.79
dhd37_abxbb_vs_dhd13_xaaab,0.63,0.59,0.69,79.10959324635456,166,4,0.04,0.0,0.59,0.59,0.64,0.7,0.59,0.59,4.75,4.3
dhd155b_vs_dhd6b,0.62,0.53,0.54,72.01209613869189,27,3,0.18,0.0,0.53,0.53,0.64,0.46,0.53,0.53,3.82,4.14
dhd162b_vs_dhd13_xaaaa,0.62,0.59,0.72,80.36606358819077,93,3,0.0,0.0,0.59,0.59,0.74,0.77,0.59,0.59,3.81,3.76
dhd162a_vs_dhd162a,0.61,0.58,0.71,78.25491114701131,118,0,0.0,0.0,0.58,0.58,0.73,0.74,0.58,0.58,4.15,4.17
dhd37_abxbb_vs_dhd6a,0.61,0.4,0.51,69.66562157935887,182,0,0.38,0.0,0.4,0.4,0.57,0.43,0.4,0.4,5.8,6.41
dhd37_abxbb_vs_dhd162b,0.61,0.4,0.49,66.6623359375,249,2,0.38,0.0,0.4,0.4,0.54,0.46,0.4,0.4,6.84,6.61
dhd155a_vs_dhd37_abxba,0.61,0.58,0.72,82.34459016393443,137,0,0.0,0.0,0.58,0.58,0.61,0.77,0.58,0.58,4.3,3.24
dhd150a_vs_dhd37_abxba,0.6,0.57,0.73,81.922088,128,1,0.0,0.0,0.57,0.57,0.8,0.74,0.57,0.57,3.62,3.68
dhd162a_vs_dhd6b,0.6,0.55,0.69,79.6155494933749,35,0,0.03,0.0,0.55,0.55,0.73,0.56,0.55,0.55,4.36,3.62
dhd154b_vs_dhd37_bbbba,0.59,0.57,0.7,76.4379453125,185,2,0.0,0.0,0.57,0.57,0.72,0.63,0.57,0.57,3.78,4.01
dhd37_bbbba_vs_dhd37_bbbbb,0.59,0.53,0.63,76.41521103896105,205,2,0.08,0.0,0.53,0.53,0.61,0.6,0.53,0.53,3.9,4.09
dhd150a_vs_dhd13_xaaab,0.58,0.55,0.7,81.04859939759037,11,1,0.01,0.0,0.55,0.55,0.78,0.69,0.55,0.55,4.04,4.27
dhd155b_vs_dhd162a,0.58,0.56,0.65,76.83995915032679,19,4,0.0,0.0,0.56,0.56,0.61,0.68,0.56,0.56,4.35,4.4
dhd150a_vs_dhd150a,0.58,0.56,0.68,80.80307692307692,130,1,0.0,0.0,0.56,0.56,0.68,0.68,0.56,0.56,3.18,3.28
dhd150a_vs_dhd37_bbbba,0.58,0.54,0.7,78.82017501988862,194,1,0.0,0.0,0.54,0.54,0.76,0.69,0.54,0.54,3.41,3.51
dhd13_xaaaa_vs_dhd13_xaaaa,0.57,0.54,0.69,76.14149310872894,168,1,0.0,0.0,0.54,0.54,0.75,0.75,0.54,0.54,5.03,5.19
dhd155a_vs_dhd6a,0.57,0.56,0.61,75.84820251177393,106,0,0.0,0.0,0.56,0.56,0.6,0.57,0.56,0.56,4.38,4.19
dhd155a_vs_dhd155a,0.57,0.55,0.65,77.171647446458,157,2,0.0,0.0,0.55,0.55,0.64,0.64,0.55,0.55,3.61,3.63
dhd154b_vs_dhd154b,0.57,0.54,0.68,72.12802272727272,231,3,0.0,0.0,0.54,0.54,0.69,0.69,0.54,0.54,3.96,3.96
dhd37_abxbb_vs_dhd6b,0.56,0.55,0.64,78.47811912225707,53,2,0.0,0.0,0.55,0.55,0.63,0.64,0.55,0.55,5.54,4.7
dhd37_abxbb_vs_dhd13_xaaaa,0.56,0.53,0.69,77.35909881422924,156,0,0.0,0.0,0.53,0.53,0.66,0.77,0.53,0.53,5.75,4.92
dhd37_abxba_vs_dhd37_abxba,0.55,0.52,0.68,76.18592169657423,37,2,0.0,0.0,0.52,0.52,0.73,0.73,0.52,0.52,4.03,4.05
dhd155a_vs_dhd6b,0.55,0.44,0.49,67.44001573564124,28,0,0.2,0.0,0.44,0.44,0.62,0.44,0.44,0.44,7.07,6.32
dhd150b_vs_dhd37_abxba,0.55,0.51,0.68,78.66271704180065,241,1,0.0,0.0,0.51,0.51,0.68,0.75,0.51,0.51,4.21,4.02
dhd162b_vs_dhd6a,0.55,0.29,0.45,65.08674906367041,149,3,0.44,0.0,0.29,0.29,0.5,0.51,0.29,0.29,10.64,10.18
dhd155b_vs_dhd13_xaaaa,0.54,0.51,0.69,73.44137519872814,129,3,0.0,0.0,0.51,0.51,0.61,0.76,0.51,0.51,4.69,4.34
dhd37_bbbbb_vs_dhd162a,0.54,0.51,0.67,81.50909017059301,105,2,0.0,0.0,0.51,0.51,0.58,0.72,0.51,0.51,4.43,4.11
dhd37_bbbba_vs_dhd6a,0.54,0.49,0.63,71.64680652680653,18,4,0.04,0.0,0.49,0.49,0.68,0.59,0.49,0.49,5.31,5.22
dhd150a_vs_dhd155b,0.54,0.5,0.69,77.96257648953302,9,4,0.0,0.0,0.5,0.5,0.8,0.62,0.5,0.5,4.86,4.98
dhd155b_vs_dhd155b,0.54,0.14,0.32,52.13114049586776,99,0,0.71,0.0,0.14,0.14,0.43,0.42,0.14,0.14,10.56,9.76
dhd150b_vs_dhd155b,0.54,0.51,0.65,77.63381877022653,24,4,0.0,0.0,0.51,0.51,0.69,0.61,0.51,0.51,4.52,4.22
dhd155a_vs_dhd13_xaaaa,0.54,0.5,0.69,75.17173015873016,145,2,0.0,0.0,0.5,0.5,0.62,0.79,0.5,0.5,5.81,4.63
dhd162a_vs_dhd6a,0.53,0.32,0.53,70.68389580093313,208,1,0.34,0.0,0.32,0.32,0.76,0.5,0.32,0.32,8.12,9.56
dhd150b_vs_dhd6a,0.52,0.43,0.6,67.72727272727273,118,3,0.11,0.0,0.43,0.43,0.67,0.49,0.43,0.43,4.04,5.39
dhd154a_vs_dhd6b,0.51,0.48,0.63,78.7365320665083,73,4,0.0,0.0,0.48,0.48,0.71,0.65,0.48,0.48,5.18,4.61
dhd162a_vs_dhd13_xaaaa,0.51,0.47,0.66,79.69649371069183,40,4,0.0,0.0,0.47,0.47,0.71,0.75,0.47,0.47,5.29,4.4
dhd37_abxba_vs_dhd162a,0.5,0.46,0.66,78.9446590909091,201,1,0.0,0.0,0.46,0.46,0.74,0.7,0.46,0.46,3.99,4.78
dhd37_bbbbb_vs_dhd6b,0.5,0.4,0.58,74.19474137931034,150,2,0.13,0.0,0.4,0.4,0.74,0.5,0.4,0.4,5.37,5.26
dhd6a_vs_dhd13_xaaaa,0.5,0.46,0.66,71.91580303030302,186,0,0.01,0.0,0.46,0.46,0.59,0.77,0.46,0.46,6.59,5.75
dhd37_bbbba_vs_dhd13_xaaab,0.49,0.45,0.62,75.67138062547674,219,1,0.0,0.0,0.45,0.45,0.62,0.67,0.45,0.45,4.88,5.37
dhd37_abxba_vs_dhd162b,0.49,0.35,0.53,71.25708821233411,70,4,0.2,0.0,0.35,0.35,0.7,0.51,0.35,0.35,7.65,9.86
dhd6a_vs_dhd6a,0.49,0.15,0.33,62.09007496251874,24,3,0.59,0.0,0.15,0.15,0.42,0.42,0.15,0.15,10.22,10.19
dhd154a_vs_dhd154a,0.49,0.46,0.6,75.44860601001669,187,4,0.0,0.0,0.46,0.46,0.66,0.66,0.46,0.46,3.94,3.9
dhd6b_vs_dhd13_xaaab,0.48,0.46,0.58,72.07546125461255,148,4,0.0,0.0,0.46,0.46,0.59,0.6,0.46,0.46,5.34,5.03
dhd155b_vs_dhd6a,0.48,0.26,0.38,55.44160377358491,35,2,0.4,0.0,0.26,0.26,0.47,0.42,0.26,0.26,8.69,7.7
dhd6b_vs_dhd13_xaaaa,0.48,0.44,0.61,73.63091875474565,180,0,0.0,0.0,0.44,0.44,0.57,0.7,0.44,0.44,5.24,5.42
dhd155b_vs_dhd37_abxbb,0.47,0.44,0.58,71.67051766639275,194,3,0.0,0.0,0.44,0.44,0.63,0.58,0.44,0.44,5.16,5.19
dhd155b_vs_dhd37_abxba,0.47,0.43,0.63,75.79391625615763,187,4,0.0,0.0,0.43,0.43,0.6,0.72,0.43,0.43,6.23,5.96
dhd150b_vs_dhd155a,0.46,0.42,0.6,71.78761712439419,88,4,0.0,0.0,0.42,0.42,0.69,0.62,0.42,0.42,4.57,4.81
dhd37_bbbba_vs_dhd162a,0.45,0.41,0.61,73.5295238095238,167,3,0.0,0.0,0.41,0.41,0.67,0.72,0.41,0.41,6.82,6.59
dhd37_bbbba_vs_dhd6b,0.43,0.36,0.54,70.24954828660437,142,3,0.07,0.0,0.36,0.36,0.49,0.64,0.36,0.36,6.63,5.97
dhd13_xaaab_vs_dhd13_xaaab,0.41,0.3,0.55,70.30302460202604,21,4,0.11,0.0,0.3,0.3,0.7,0.71,0.3,0.3,7.59,7.58
dhd37_abxba_vs_dhd6b,0.41,0.37,0.57,71.81649960845732,54,1,0.0,0.0,0.37,0.37,0.68,0.54,0.37,0.37,6.69,6.64
dhd37_abxba_vs_dhd6a,0.41,0.35,0.56,69.92462499999999,248,4,0.03,0.0,0.35,0.35,0.67,0.5,0.35,0.35,6.03,5.88
dhd154b_vs_dhd162a,0.4,0.36,0.58,73.72093041438623,37,3,0.0,0.0,0.36,0.36,0.69,0.64,0.36,0.36,6.14,7.03
