dG_interface,ddG_interface,dG_complex,ddG_complex,dG_receptor,ddG_receptor,dG_ligand,ddG_ligand,description
-84.045,0.0,-1288.422,0.0,-714.262,0.0,473.914,0.0,relaxed_ortho_3.pdb
-86.142,-2.098,-1297.863,-9.441,-713.81,0.452,465.502,-8.412,0.2_relaxed_ortho_3_B54L_A73L_rep5.pdb
-81.926,2.118,-1294.986,-6.564,-714.169,0.093,458.721,-15.193,0.2_relaxed_ortho_3_A27K_A73L_rep5.pdb
-82.521,1.524,-1293.955,-5.533,-713.661,0.6,469.341,-4.573,0.2_relaxed_ortho_3_A27Q_B54L_A73L_rep1.pdb
-80.687,3.358,-1289.654,-1.232,-714.086,0.176,471.092,-2.822,0.2_relaxed_ortho_3_A27Q_A34T_A73K_rep1.pdb
-82.839,1.206,-1294.755,-6.334,-714.212,0.05,461.197,-12.717,0.2_relaxed_ortho_3_B57S_A73L_rep5.pdb
-81.903,2.142,-1293.019,-4.597,-713.977,0.285,476.301,2.387,0.2_relaxed_ortho_3_A73T_rep1.pdb
-84.09,-0.046,-1295.777,-7.355,-713.915,0.347,455.093,-18.821,0.2_relaxed_ortho_3_A73Y_rep5.pdb
-82.396,1.649,-1293.454,-5.032,-714.064,0.198,477.472,3.559,0.2_relaxed_ortho_3_A73T_rep3.pdb
-80.639,3.405,-1291.985,-3.563,-714.028,0.233,466.566,-7.348,0.2_relaxed_ortho_3_A27K_A73Q_rep3.pdb
-84.644,-0.599,-1293.299,-4.877,-713.67,0.592,458.595,-15.319,0.2_relaxed_ortho_3_A27K_B54I_A73L_rep3.pdb
-86.627,-2.583,-1298.069,-9.647,-713.686,0.576,467.314,-6.6,0.2_relaxed_ortho_3_B54L_A73L_rep1.pdb
-83.917,0.127,-1296.041,-7.619,-713.971,0.29,454.432,-19.482,0.2_relaxed_ortho_3_A73Y_rep2.pdb
-82.382,1.663,-1293.373,-4.951,-714.077,0.185,478.309,4.396,0.2_relaxed_ortho_3_A73T_rep5.pdb
-86.046,-2.001,-1295.921,-7.499,-714.027,0.235,448.487,-25.427,0.2_relaxed_ortho_3_B54V_A73L_rep3.pdb
-84.474,-0.429,-1294.64,-6.218,-713.619,0.643,470.052,-3.862,0.2_relaxed_ortho_3_A27K_B54L_A73L_rep4.pdb
-83.614,0.431,-1295.833,-7.412,-714.098,0.164,449.731,-24.183,0.2_relaxed_ortho_3_A73Y_rep4.pdb
-84.081,-0.037,-1297.344,-8.922,-714.213,0.049,457.696,-16.218,0.2_relaxed_ortho_3_A73L_rep3.pdb
-84.883,-0.838,-1293.13,-4.708,-713.173,1.089,462.887,-11.026,0.2_relaxed_ortho_3_A27K_B54I_A73L_rep2.pdb
-86.543,-2.498,-1295.29,-6.868,-713.243,1.019,458.17,-15.744,0.2_relaxed_ortho_3_B54I_A73L_rep4.pdb
-81.471,2.574,-1295.527,-7.105,-714.23,0.032,446.051,-27.863,0.2_relaxed_ortho_3_B57S_A73L_rep1.pdb
-84.799,-0.754,-1293.172,-4.75,-713.266,0.996,460.042,-13.872,0.2_relaxed_ortho_3_A27K_B54I_A73L_rep1.pdb
-82.284,1.761,-1293.326,-4.904,-714.031,0.231,476.387,2.473,0.2_relaxed_ortho_3_A73T_rep2.pdb
-86.541,-2.496,-1295.194,-6.772,-713.45,0.812,461.356,-12.558,0.2_relaxed_ortho_3_B54I_A73L_rep3.pdb
-82.32,1.724,-1293.152,-4.73,-714.145,0.117,476.095,2.181,0.2_relaxed_ortho_3_A73T_rep4.pdb
-84.904,-0.859,-1293.196,-4.774,-713.163,1.099,461.499,-12.415,0.2_relaxed_ortho_3_A27K_B54I_A73L_rep5.pdb
-82.856,1.188,-1294.793,-6.371,-714.153,0.109,462.473,-11.441,0.2_relaxed_ortho_3_B57S_A73L_rep3.pdb
-84.652,-0.608,-1296.491,-8.069,-714.221,0.041,456.519,-17.395,0.2_relaxed_ortho_3_A27K_A34T_A73L_rep4.pdb
-81.979,2.065,-1294.366,-5.944,-713.91,0.352,460.609,-13.304,0.2_relaxed_ortho_3_A27K_A73L_rep3.pdb
-85.942,-1.898,-1293.74,-5.318,-712.536,1.725,479.955,6.041,0.2_relaxed_ortho_3_B57K_A73T_rep3.pdb
-84.612,-0.567,-1296.583,-8.162,-714.297,-0.035,456.24,-17.674,0.2_relaxed_ortho_3_A27K_A34T_A73L_rep3.pdb
-83.919,0.125,-1295.205,-6.783,-713.761,0.501,468.384,-5.53,0.2_relaxed_ortho_3_A27K_B54L_A73L_rep3.pdb
-80.321,3.723,-1291.566,-3.144,-713.999,0.263,464.229,-9.685,0.2_relaxed_ortho_3_A27K_A73Q_rep1.pdb
-84.664,-0.619,-1294.259,-5.837,-713.671,0.591,460.11,-13.804,0.2_relaxed_ortho_3_B54V_A73L_rep4.pdb
-83.95,0.095,-1297.282,-8.861,-714.121,0.141,458.131,-15.783,0.2_relaxed_ortho_3_A73L_rep1.pdb
-82.815,1.229,-1294.033,-5.612,-713.498,0.764,466.387,-7.526,0.2_relaxed_ortho_3_A27Q_B54L_A73L_rep3.pdb
-86.437,-2.392,-1297.968,-9.546,-713.692,0.57,468.547,-5.367,0.2_relaxed_ortho_3_B54L_A73L_rep2.pdb
-80.619,3.426,-1290.807,-2.385,-713.991,0.271,480.112,6.198,0.2_relaxed_ortho_3_A27K_A73T_rep3.pdb
-82.687,1.358,-1294.017,-5.595,-713.546,0.715,467.517,-6.397,0.2_relaxed_ortho_3_A27Q_B54L_A73L_rep4.pdb
-81.807,2.238,-1294.804,-6.382,-714.097,0.165,458.344,-15.57,0.2_relaxed_ortho_3_A27K_A73L_rep1.pdb
-84.122,-0.078,-1292.576,-4.154,-714.246,0.016,485.851,11.937,0.2_relaxed_ortho_3_B54L_B57R_A73T_rep5.pdb
-86.235,-2.191,-1293.864,-5.442,-712.427,1.835,481.283,7.369,0.2_relaxed_ortho_3_B57K_A73T_rep5.pdb
-86.727,-2.682,-1295.286,-6.864,-713.321,0.941,459.011,-14.903,0.2_relaxed_ortho_3_B54I_A73L_rep2.pdb
-84.162,-0.117,-1295.333,-6.911,-713.799,0.463,470.549,-3.365,0.2_relaxed_ortho_3_A27K_B54L_A73L_rep5.pdb
-82.728,1.316,-1291.44,-3.018,-714.969,-0.707,474.615,0.702,0.2_relaxed_ortho_3_A27Q_A34T_A73K_rep2.pdb
-83.693,0.352,-1297.029,-8.607,-714.8,-0.538,457.659,-16.255,0.2_relaxed_ortho_3_A73L_rep4.pdb
-86.56,-2.515,-1295.37,-6.949,-713.372,0.89,459.217,-14.697,0.2_relaxed_ortho_3_B54I_A73L_rep5.pdb
-86.351,-2.307,-1297.693,-9.271,-713.671,0.591,467.446,-6.467,0.2_relaxed_ortho_3_B54L_A73L_rep3.pdb
-82.772,1.272,-1294.778,-6.356,-714.158,0.104,463.206,-10.708,0.2_relaxed_ortho_3_B57S_A73L_rep2.pdb
-81.78,2.265,-1294.737,-6.316,-714.028,0.234,458.409,-15.505,0.2_relaxed_ortho_3_A27K_A73L_rep2.pdb
-80.809,3.236,-1290.695,-2.273,-713.879,0.383,478.837,4.923,0.2_relaxed_ortho_3_A27K_A73T_rep4.pdb
-82.771,1.273,-1294.142,-5.72,-713.542,0.72,470.528,-3.386,0.2_relaxed_ortho_3_A27Q_B54L_A73L_rep5.pdb
-84.728,-0.683,-1294.628,-6.206,-713.507,0.755,458.29,-15.624,0.2_relaxed_ortho_3_B54V_A73L_rep5.pdb
-80.535,3.51,-1291.893,-3.472,-714.107,0.155,464.067,-9.847,0.2_relaxed_ortho_3_A27K_A73Q_rep5.pdb
-80.728,3.317,-1290.738,-2.316,-713.903,0.359,482.0,8.086,0.2_relaxed_ortho_3_A27K_A73T_rep2.pdb
-83.11,0.935,-1296.02,-7.598,-714.485,-0.223,469.97,-3.944,0.2_relaxed_ortho_3_A27K_A34T_A73L_rep2.pdb
-86.733,-2.689,-1294.294,-5.873,-712.201,2.061,482.647,8.734,0.2_relaxed_ortho_3_B57K_A73T_rep1.pdb
-84.587,-0.542,-1293.115,-4.693,-713.847,0.415,484.753,10.839,0.2_relaxed_ortho_3_B54L_B57R_A73T_rep3.pdb
-80.819,3.226,-1289.669,-1.247,-714.928,-0.666,470.87,-3.044,0.2_relaxed_ortho_3_A27Q_A34T_A73K_rep5.pdb
-83.853,0.191,-1296.149,-7.727,-714.025,0.237,454.297,-19.617,0.2_relaxed_ortho_3_A73Y_rep1.pdb
-84.648,-0.603,-1293.04,-4.618,-713.168,1.094,462.811,-11.103,0.2_relaxed_ortho_3_A27K_B54I_A73L_rep4.pdb
-83.119,0.926,-1291.567,-3.145,-714.285,-0.023,472.609,-1.305,0.2_relaxed_ortho_3_A27Q_A34T_A73K_rep4.pdb
-86.448,-2.404,-1297.844,-9.422,-713.632,0.63,467.442,-6.472,0.2_relaxed_ortho_3_B54L_A73L_rep4.pdb
-84.482,-0.438,-1296.231,-7.809,-714.393,-0.131,458.067,-15.847,0.2_relaxed_ortho_3_A27K_A34T_A73L_rep5.pdb
-80.661,3.383,-1290.84,-2.418,-713.946,0.316,479.132,5.218,0.2_relaxed_ortho_3_A27K_A73T_rep5.pdb
-83.861,0.184,-1296.706,-8.284,-714.001,0.261,459.946,-13.967,0.2_relaxed_ortho_3_A73L_rep2.pdb
-81.868,2.176,-1290.646,-2.224,-714.551,-0.289,471.034,-2.88,0.2_relaxed_ortho_3_A27Q_A34T_A73K_rep3.pdb
-84.365,-0.321,-1296.259,-7.837,-714.974,-0.713,458.238,-15.676,0.2_relaxed_ortho_3_A27K_A34T_A73L_rep1.pdb
-80.468,3.576,-1291.833,-3.411,-714.082,0.18,464.407,-9.507,0.2_relaxed_ortho_3_A27K_A73Q_rep2.pdb
-86.039,-1.995,-1296.064,-7.643,-714.058,0.204,445.353,-28.561,0.2_relaxed_ortho_3_B54V_A73L_rep1.pdb
-83.883,0.161,-1296.869,-8.447,-714.131,0.131,460.666,-13.247,0.2_relaxed_ortho_3_A73L_rep5.pdb
-84.083,-0.038,-1293.892,-5.47,-714.084,0.178,479.42,5.506,0.2_relaxed_ortho_3_B57K_A73T_rep2.pdb
-84.452,-0.408,-1295.913,-7.492,-713.911,0.351,469.024,-4.89,0.2_relaxed_ortho_3_A27K_B54L_A73L_rep1.pdb
-85.962,-1.917,-1295.947,-7.525,-714.022,0.24,447.314,-26.6,0.2_relaxed_ortho_3_B54V_A73L_rep2.pdb
-80.483,3.562,-1290.793,-2.371,-714.0,0.262,477.724,3.81,0.2_relaxed_ortho_3_A27K_A73T_rep1.pdb
-84.271,-0.227,-1292.839,-4.417,-713.801,0.461,485.277,11.364,0.2_relaxed_ortho_3_B54L_B57R_A73T_rep4.pdb
-82.533,1.511,-1293.855,-5.433,-713.583,0.679,466.535,-7.379,0.2_relaxed_ortho_3_A27Q_B54L_A73L_rep2.pdb
-81.58,2.464,-1294.623,-6.202,-714.301,-0.039,459.203,-14.711,0.2_relaxed_ortho_3_A27K_A73L_rep4.pdb
-84.061,-0.017,-1295.984,-7.562,-714.106,0.156,453.253,-20.661,0.2_relaxed_ortho_3_A73Y_rep3.pdb
-82.89,1.154,-1294.666,-6.245,-714.181,0.081,462.972,-10.942,0.2_relaxed_ortho_3_B57S_A73L_rep4.pdb
-84.108,-0.063,-1293.836,-5.414,-714.005,0.257,477.791,3.877,0.2_relaxed_ortho_3_B57K_A73T_rep4.pdb
-84.217,-0.172,-1292.874,-4.452,-713.88,0.382,482.737,8.823,0.2_relaxed_ortho_3_B54L_B57R_A73T_rep2.pdb
-86.611,-2.567,-1295.144,-6.722,-713.19,1.072,461.887,-12.026,0.2_relaxed_ortho_3_B54I_A73L_rep1.pdb
-84.148,-0.104,-1295.321,-6.899,-713.857,0.405,471.364,-2.549,0.2_relaxed_ortho_3_A27K_B54L_A73L_rep2.pdb
-80.424,3.62,-1291.903,-3.481,-714.061,0.201,466.32,-7.593,0.2_relaxed_ortho_3_A27K_A73Q_rep4.pdb
-84.375,-0.33,-1293.399,-4.977,-713.767,0.495,482.592,8.678,0.2_relaxed_ortho_3_B54L_B57R_A73T_rep1.pdb
