Mutation Profile,Mutant Indices
"R27K, N54I, N57R, R73Y","1, 11"
"R27K, N54V, N57R, R73Q",2
"R27K, N54V, N57R, R73L","3, 18, 20, 25, 33, 43"
"R27K, N34T, N54I, N57L, R73L",4
"R27K, N54V, R73Y","5, 6, 15, 46"
"R27K, N36D, N54V, N57K, R73L",7
"R27Q, N54V, N57R, R73G",8
"R27Q, N54V, N57R, R73L",9
"R27D, N54L, R73L",10
"R27T, N54V, N57R, R73Y","12, 34, 49"
"R27K, N54V, N57R, R73Y","13, 28, 44"
"R27K, N54V, N57T, R73K",14
"R27Q, N54V, R73F",16
"R27T, N54I, N57R, R73L",17
"R27E, N54V, N57K, R73L",19
"R27S, N54I, N57S, R73Y",21
"R27Q, N54V, R73T",22
"R27S, N54I, N57R, R73L",23
"N54I, R73A",24
"R27K, N54V, N57K, R73Y","26, 41"
"R27K, N34F, N36D, N54V, R73T",27
"R27E, N54I, R73Q",29
"R27K, N54V, N57R, R73T",30
"R27D, N54V, N57R, R73T",31
"N54V, N57K, R73V",32
"R27S, N54V, N57K, R73K",35
"R27K, N54V, R73L","36, 42"
"R27E, N54V, R73T",37
"R27K, N54V, N57H, R73L",38
"R27K, N54V, N57R, R73S",39
"R27K, N36D, N54I, R73T",40
"R27T, N54V, N57R, R73L",45
"R27K, N54V, R73M",47
"R27K, N54T, N57S, R73M",48
"R27D, N54V, N57K",50
