mutation,dG_interface,ddG_interface,dG_complex,ddG_complex,dG_receptor,ddG_receptor,dG_ligand,ddG_ligand
1.0_relaxed_ortho_3_A27A_A31I_A34F_A36R_B57Y_A73H,-87.8024,-3.7576,-1284.8162,3.6056,-714.2298000000001,0.0322,492.704,18.79
1.0_relaxed_ortho_3_A27A_A31P_A34C_A36E_B54L_B57E_A73T,-83.2206,0.8242,-1252.6925999999999,35.7288,-712.21,2.052,543.5247999999999,69.61120000000001
1.0_relaxed_ortho_3_A27D_A31A_A34C_A36Y_B54W_B57W_A73K,-90.566,-6.5212,-1287.4868000000001,0.9352,-713.706,0.556,493.85240000000005,19.939
1.0_relaxed_ortho_3_A27D_A31A_A34H_A36R_B54S_B57V_A73D,-79.3452,4.6998,-1278.4238,9.997800000000002,-714.3972,-0.13520000000000001,465.0428,-8.870999999999999
1.0_relaxed_ortho_3_A27D_A31A_A34V_A36D_B54E_B57A_A73E,-80.2278,3.8165999999999998,-1280.6156,7.806399999999999,-712.8172,1.4448,494.884,20.97
1.0_relaxed_ortho_3_A27D_A31C_A34F_A36A_B54M_B57F_A73M,-91.51939999999999,-7.475,-1288.1402,0.2818,-714.4961999999999,-0.23420000000000002,489.8568,15.9428
1.0_relaxed_ortho_3_A27D_A31E_A34T_A36M_B54E_B57V_A73K,-76.6332,7.411199999999999,-1283.3376,5.0842,-711.164,3.098,466.25280000000004,-7.661199999999999
1.0_relaxed_ortho_3_A27D_A31F_A36E_B54W_B57L_A73V,-81.34360000000001,2.7008,-1278.1734000000001,10.2482,-712.7034,1.5584,501.0096,27.095799999999997
1.0_relaxed_ortho_3_A27D_A31G_A34Y_A36A_B54A_B57M_A73D,-85.19120000000001,-1.1466,-1281.3982,7.0234,-714.5384,-0.27640000000000003,481.51980000000003,7.606
1.0_relaxed_ortho_3_A27D_A31P_A34K_A36A_B54W_B57R_A73C,-92.81479999999999,-8.770199999999999,-1261.972,26.4498,-714.9746,-0.7128,565.6936,91.7798
1.0_relaxed_ortho_3_A27D_A31R_A34P_A36D_B54Y_B57S_A73A,-81.8632,2.1814,-1266.4932,21.928800000000003,-712.8946,1.3674,523.8815999999999,49.9682
1.0_relaxed_ortho_3_A27D_A31S_A34Y_A36I_B54I_B57W_A73C,-87.6344,-3.5902000000000003,-1283.0374,5.3844,-712.8273999999999,1.4346,480.86980000000005,6.955799999999999
1.0_relaxed_ortho_3_A27D_A31T_A34Q_B54Q_B57I_A73A,-81.6776,2.3668,-1283.5634,4.8584,-713.2422,1.0198,465.9626,-7.9506
1.0_relaxed_ortho_3_A27D_A31V_A34E_A36T_B54M_B57P,-80.4616,3.5829999999999997,-1268.6316000000002,19.7902,-710.7358,3.526,493.7856,19.8718
1.0_relaxed_ortho_3_A27D_A31V_A34V_A36I_B57T_A73P,-82.1596,1.8846,-1273.976,14.446000000000002,-714.6472,-0.38520000000000004,477.81759999999997,3.9038000000000004
1.0_relaxed_ortho_3_A27D_A34L_A36E_B54V_B57A,-81.9846,2.0598,-1282.9424,5.4794,-714.4768,-0.21479999999999996,466.2634,-7.6506
1.0_relaxed_ortho_3_A27E_A31C_A34D_A36E_B54T_B57C_A73E,-79.52000000000001,4.5244,-1277.2508,11.171000000000001,-711.9338,2.3282,498.2016,24.287799999999997
1.0_relaxed_ortho_3_A27E_A31E_A34A_A36W_B54K_B57I_A73K,-76.51320000000001,7.5316,-1276.2804,12.1414,-713.771,0.491,482.47560000000004,8.561600000000002
1.0_relaxed_ortho_3_A27E_A31F_A34C_A36A_B57L_A73G,-86.9872,-2.9422,-1278.9108,9.5108,-714.2946,-0.032600000000000004,486.08320000000003,12.1694
1.0_relaxed_ortho_3_A27E_A31F_A34D_A36L_B54H_B57R_A73L,-83.6544,0.3898,-1284.1116,4.3104,-711.731,2.5308,488.44539999999995,14.531400000000001
1.0_relaxed_ortho_3_A27E_A31F_A34E_A36K_B54W_B57Q_A73K,-85.343,-1.2988,-1286.784,1.6378,-713.7028,0.5591999999999999,494.5612,20.6472
1.0_relaxed_ortho_3_A27E_A31F_A34E_A36R_B54R_B57T_A73K,-81.4822,2.5622,-1281.9668,6.4552,-713.7774,0.48460000000000003,488.39639999999997,14.4826
1.0_relaxed_ortho_3_A27E_A31G_A34V_A36R_B54Y_B57E_A73C,-83.5572,0.48719999999999997,-1279.873,8.549000000000001,-713.5870000000001,0.675,510.2754,36.361399999999996
1.0_relaxed_ortho_3_A27E_A31K_A34E_A36R_B54H_B57L_A73Y,-84.38980000000001,-0.34519999999999995,-1285.2588,3.1632000000000002,-713.9344,0.3274,459.7206,-14.1934
1.0_relaxed_ortho_3_A27E_A31K_A34K_A36H_B54G_B57D_A73Q,-80.1164,3.928,-1277.4872,10.9348,-714.6332,-0.3714,486.83180000000004,12.9178
1.0_relaxed_ortho_3_A27E_A31L_A34W_A36W_B54K_B57Y_A73E,-80.1704,3.8738,-1268.0786,20.343,-713.6796,0.5824,496.50640000000004,22.592399999999998
1.0_relaxed_ortho_3_A27E_A31Q_A34W_A36W_B54W_B57P_A73E,-79.13820000000001,4.9064,-1262.3106,26.111399999999996,-712.6982,1.5635999999999999,531.1376,57.2236
1.0_relaxed_ortho_3_A27E_A31R_A34D_A36D_B54F_B57F_A73G,-85.2736,-1.2288000000000001,-1279.367,9.055,-712.4888,1.7731999999999999,511.15200000000004,37.2382
1.0_relaxed_ortho_3_A27E_A31R_A34H_A36H_B54D_B57V_A73S,-81.691,2.3538,-1279.3138000000001,9.107800000000001,-714.3838,-0.12179999999999999,481.4662,7.552199999999999
1.0_relaxed_ortho_3_A27E_A31S_A34T_A36A_B54G_B57W_A73Q,-88.05080000000001,-4.0062,-1286.9158,1.506,-714.8876,-0.6255999999999999,477.287,3.3731999999999998
1.0_relaxed_ortho_3_A27E_A31T_A34F_A36M_B54A_B57Y_A73C,-77.7612,6.2834,-1278.6706,9.7514,-712.2594,2.0026,479.2584,5.3444
1.0_relaxed_ortho_3_A27I_A31F_A34T_A36V_B54V_B57H_A73M,-91.1302,-7.085800000000001,-1283.1924000000001,5.2292000000000005,-712.6622,1.5997999999999999,480.46759999999995,6.5536
1.0_relaxed_ortho_3_A27K_A31A_A34V_A36F_B54Q_B57V_A73M,-82.4192,1.6252,-1282.2402,6.1815999999999995,-712.4154000000001,1.8466,478.9584,5.0444
1.0_relaxed_ortho_3_A27K_A31A_A36F_B54E_B57G,-77.2154,6.829000000000001,-1278.3994,10.022400000000001,-712.3314,1.9306,464.94579999999996,-8.968
1.0_relaxed_ortho_3_A27K_A31F_A34M_A36K_B54I_B57I_A73I,-88.24199999999999,-4.197,-1282.5261999999998,5.8957999999999995,-713.293,0.9690000000000001,480.28860000000003,6.374599999999999
1.0_relaxed_ortho_3_A27K_A31H_A34D_A36P_B54V_B57Q_A73N,-81.9374,2.107,-1279.7238000000002,8.697999999999999,-713.6206,0.6414,462.7398,-11.174000000000001
1.0_relaxed_ortho_3_A27K_A31H_A34H_A36F_B54Y_B57D_A73G,-78.6076,5.4368,-1270.1606,18.261400000000002,-712.4242,1.8378,506.27479999999997,32.3612
1.0_relaxed_ortho_3_A27K_A31L_A34P_A36I_B54P_B57A_A73M,-81.6078,2.4362000000000004,-1266.789,21.6326,-712.0026,2.2594000000000003,497.8442,23.9306
1.0_relaxed_ortho_3_A27K_A31N_A34Y_A36E_B54A_B57M_A73H,-83.27180000000001,0.7727999999999999,-1285.1866,3.2352000000000003,-713.0942,1.1676,450.279,-23.634999999999998
1.0_relaxed_ortho_3_A27K_A31R_A34T_A36I_B54D_B57F_A73L,-86.00219999999999,-1.9571999999999998,-1288.4038,0.0182,-712.5588,1.703,458.2468,-15.6672
1.0_relaxed_ortho_3_A27K_A31S_A34A_A36S_B54I_B57K_A73E,-89.39500000000001,-5.3506,-1285.0018,3.4202,-713.2711999999999,0.9908000000000001,488.35,14.4364
1.0_relaxed_ortho_3_A27K_A31Y_A34D_A36K_B54L_B57M,-87.7658,-3.7214,-1281.0596,7.3622,-713.9055999999999,0.3564,492.96000000000004,19.046
1.0_relaxed_ortho_3_A27L_A31A_A34Q_A36W_B54S_B57V_A73M,-83.40220000000001,0.6422,-1277.4016,11.020399999999999,-712.3014000000001,1.9606000000000001,492.53599999999994,18.6222
1.0_relaxed_ortho_3_A27L_A31F_A34V_A36E_B54I_B57A_A73T,-86.2572,-2.213,-1278.335,10.086400000000001,-712.4478,1.8142,505.6322,31.718200000000003
1.0_relaxed_ortho_3_A27L_A31L_A34P_A36T_B54L_B57I,-85.729,-1.6846,-1272.2930000000001,16.128800000000002,-712.2286,2.0334000000000003,504.69759999999997,30.783799999999996
1.0_relaxed_ortho_3_A27M_A31K_A34Q_A36P_B54V_B57Y_A73V,-90.1258,-6.081799999999999,-1284.5034,3.9182,-714.5114000000001,-0.2496,486.2632,12.349599999999999
1.0_relaxed_ortho_3_A27N_A31V_A34P_A36H_B54Q_B57V_A73K,-78.4612,5.5834,-1266.7584000000002,21.6634,-714.5346,-0.2726,504.4924,30.5784
1.0_relaxed_ortho_3_A27Q_A31S_A34C_A36Y_B54T_B57W_A73Q,-89.526,-5.4816,-1287.7174,0.7044,-714.1064,0.15560000000000002,482.78060000000005,8.8668
1.0_relaxed_ortho_3_A27S_A31Y_A34H_A36W_B54F_B57C_A73C,-80.7944,3.2502000000000004,-1268.0876,20.333800000000004,-714.1908,0.0712,517.552,43.638400000000004
1.0_relaxed_ortho_3_A27Y_A31E_A36I_B57E_A73T,-85.9976,-1.9532000000000003,-1285.4332,2.9888,-712.0128,2.2489999999999997,488.832,14.9184
